//input type harga di kriteria
<input type="text" class="form-control" name="harga" placeholder="Harga.." required>

//format harga untuk Rp di kriteria
<td>Rp.<?= number_format($row['harga'], 2.0); ?></td>

//masukan nama vga di alternative
<select id="inputText" class="form-control" name="merek" required>
    <option selected>-- Pilih VGA --</option>
    <option value="Asus">Asus</option>
    <option value="MSI">MSI</option>
    <option value="Gigabyte">Gigabyte</option>
    <option value="EVGA">EVGA</option>
    <option value="Zotac">Zotac</option>
    <option value="PNY">PNY</option>
    <option value="Sapphire">Sapphire</option>
    <option value="XFX">XFX</option>
</select>

